{
  "report_metadata": {
    "training_job_id": null,
    "generation_timestamp": "2025-12-16T23:00:29.574841",
    "report_version": "1.0",
    "generator": "TrainingReportGenerator"
  },
  "training_metrics": {
    "final_train_loss": 1.7400098267470372,
    "final_val_loss": 3.0142472323327194,
    "best_val_loss": 3.0142472323327194,
    "best_epoch": 89,
    "total_epochs": 89,
    "training_time_seconds": 15594.704008810633,
    "train_loss_mean": 3.094643638649659,
    "train_loss_std": 0.9212989833204243,
    "val_loss_mean": 3.671411356782232,
    "val_loss_std": 0.3492545266088001,
    "convergence_epoch": null,
    "early_stopping_triggered": false,
    "overfitting_detected": "False",
    "generalization_gap": 1.2742374055856822,
    "reconstruction_error_stats": {
      "mean": 0.9147020041114781,
      "std": 0.2744106012334434,
      "min": 0.09147020041114781,
      "max": 4.57351002055739,
      "percentile_95": 1.8294040082229561,
      "percentile_99": 2.7441060123344343
    },
    "anomaly_detection_threshold": 1.8294040082229561,
    "validation_accuracy_estimate": 0.02597921302241457,
    "loss_variance": 0.020192354538298308,
    "gradient_norm_stats": null,
    "learning_rate_schedule": []
  },
  "model_architecture": {
    "model_type": "autoencoder",
    "input_dimension": 1829,
    "hidden_dimensions": [
      1095,
      2048,
      1304,
      2048
    ],
    "latent_dimension": 245,
    "total_parameters": 20176518,
    "trainable_parameters": 20176518,
    "model_size_mb": 76.9673080444336,
    "activation_functions": [
      "ReLU"
    ],
    "dropout_rate": 0.030255725663457918
  },
  "training_configuration": {
    "learning_rate": 0.6654026082539399,
    "batch_size": 512,
    "epochs": 878,
    "optimizer": "Adam",
    "loss_function": "MSE",
    "early_stopping_patience": 12,
    "min_delta": 0.006697925453676697,
    "data_split_ratios": {
      "train": 0.7,
      "validation": 0.2,
      "test": 0.1
    },
    "device_used": "cuda",
    "random_seed": null
  },
  "summary_statistics": {
    "overall_performance_score": 0.3063532143013062,
    "training_efficiency": {
      "time_per_epoch": 175.22139335742284,
      "epochs_to_convergence": 89,
      "early_stopping_benefit": false
    },
    "model_quality": {
      "final_loss": 3.0142472323327194,
      "best_loss": 3.0142472323327194,
      "loss_improvement": 0.1789949587739678,
      "stability_score": 0.9798076454617017
    },
    "anomaly_detection_readiness": {
      "threshold": 1.8294040082229561,
      "estimated_accuracy": 0.02597921302241457,
      "reconstruction_quality": 0.08529799588852194
    },
    "architecture_efficiency": {
      "parameters_per_dimension": 11031.447785675233,
      "compression_ratio": 7.46530612244898,
      "model_complexity": 4
    }
  },
  "performance_analysis": {
    "overall_score": 0.3063532143013062,
    "strengths": [
      "No overfitting detected"
    ],
    "weaknesses": [
      "Large generalization gap",
      "No clear convergence",
      "Low validation accuracy"
    ],
    "performance_category": "Poor",
    "key_insights": [
      "Model achieved 2.6% estimated accuracy",
      "Training completed in 15594.7 seconds",
      "Best performance at epoch 89 of 89",
      "Anomaly detection threshold set at 1.829404"
    ]
  },
  "recommendations": [
    "Consider increasing model capacity or training time",
    "Increase training epochs or adjust learning rate",
    "Improve data quality or add data augmentation",
    "Consider using GPU acceleration or reducing batch size",
    "Review data preprocessing and normalization"
  ],
  "visualizations": {
    "loss_curves": "outputs/training_reports/job_None_20251216_230023/loss_curves.png",
    "metrics_dashboard": "outputs/training_reports/job_None_20251216_230023/metrics_dashboard.png",
    "error_distribution": "outputs/training_reports/job_None_20251216_230023/error_distribution.png",
    "training_progress": "outputs/training_reports/job_None_20251216_230023/training_progress.png",
    "architecture_diagram": "outputs/training_reports/job_None_20251216_230023/architecture_diagram.png",
    "performance_summary": "outputs/training_reports/job_None_20251216_230023/performance_summary.png"
  },
  "raw_training_data": {
    "success": true,
    "epochs_trained": 89,
    "best_val_loss": 3.0142472323327194,
    "final_train_loss": 1.7400098267470372,
    "final_val_loss": 3.0142472323327194,
    "training_time": 15594.704008810633,
    "model_architecture": {
      "model_type": "autoencoder",
      "input_dim": 1829,
      "hidden_dims": [
        1095,
        2048,
        1304,
        2048
      ],
      "latent_dim": 245,
      "total_parameters": 20176518,
      "trainable_parameters": 20176518,
      "model_size_mb": 76.9673080444336,
      "activation_functions": [
        "ReLU"
      ],
      "dropout_rate": 0.030255725663457918
    },
    "training_config": {
      "learning_rate": 0.6654026082539399,
      "batch_size": 512,
      "epochs": 878,
      "optimizer": "Adam",
      "loss_function": "MSE",
      "early_stopping_patience": 12,
      "min_delta": 0.006697925453676697,
      "train_split": 0.7,
      "validation_split": 0.2,
      "test_split": 0.1,
      "random_seed": null
    },
    "metrics": {
      "validation_mean_error": 0.9147020041114781,
      "validation_std_error": 0.2744106012334434,
      "validation_min_error": 0.09147020041114781,
      "validation_max_error": 4.57351002055739,
      "validation_percentile_95": 1.8294040082229561,
      "validation_percentile_99": 2.7441060123344343
    },
    "training_history": [
      {
        "epoch": 1,
        "train_loss": 4.8452772171403,
        "val_loss": 4.449660864497735
      },
      {
        "epoch": 2,
        "train_loss": 4.921551959563828,
        "val_loss": 4.30782310860638
      },
      {
        "epoch": 3,
        "train_loss": 4.8063578624665615,
        "val_loss": 4.168006300700097
      },
      {
        "epoch": 4,
        "train_loss": 4.7102307052172305,
        "val_loss": 4.022046083775772
      },
      {
        "epoch": 5,
        "train_loss": 4.686363051668577,
        "val_loss": 3.895316694948309
      },
      {
        "epoch": 6,
        "train_loss": 4.51528703759559,
        "val_loss": 3.856363527998826
      },
      {
        "epoch": 7,
        "train_loss": 4.545757159602486,
        "val_loss": 3.8076087322669405
      },
      {
        "epoch": 8,
        "train_loss": 4.54571170203089,
        "val_loss": 3.916138669573579
      },
      {
        "epoch": 9,
        "train_loss": 4.586937130123976,
        "val_loss": 4.07195983142003
      },
      {
        "epoch": 10,
        "train_loss": 4.582350192993852,
        "val_loss": 4.040223711599124
      },
      {
        "epoch": 11,
        "train_loss": 4.378953420249673,
        "val_loss": 4.123230908598177
      },
      {
        "epoch": 12,
        "train_loss": 4.308991305977099,
        "val_loss": 4.142163142713656
      },
      {
        "epoch": 13,
        "train_loss": 4.2106585197481206,
        "val_loss": 4.248697924331392
      },
      {
        "epoch": 14,
        "train_loss": 4.232414951393177,
        "val_loss": 4.2608388811581746
      },
      {
        "epoch": 15,
        "train_loss": 4.240852347328843,
        "val_loss": 4.3864584672190725
      },
      {
        "epoch": 16,
        "train_loss": 4.208079830519263,
        "val_loss": 4.399622563294455
      },
      {
        "epoch": 17,
        "train_loss": 4.2038717506887435,
        "val_loss": 4.21578286937526
      },
      {
        "epoch": 18,
        "train_loss": 4.20841539214465,
        "val_loss": 4.2615619280966985
      },
      {
        "epoch": 19,
        "train_loss": 4.27343911001678,
        "val_loss": 4.07386021450594
      },
      {
        "epoch": 20,
        "train_loss": 4.327243298144768,