{
  "report_metadata": {
    "training_job_id": null,
    "generation_timestamp": "2025-12-16T22:06:31.206654",
    "report_version": "1.0",
    "generator": "TrainingReportGenerator"
  },
  "training_metrics": {
    "final_train_loss": 0.8050945358322961,
    "final_val_loss": 1.6306345733798508,
    "best_val_loss": 1.6036789060956054,
    "best_epoch": 70,
    "total_epochs": 82,
    "training_time_seconds": 75856.87106437414,
    "train_loss_mean": 1.7291278069237417,
    "train_loss_std": 0.6624641557348165,
    "val_loss_mean": 2.0660000308282642,
    "val_loss_std": 0.32929603619145437,
    "convergence_epoch": null,
    "early_stopping_triggered": false,
    "overfitting_detected": "False",
    "generalization_gap": 0.8255400375475548,
    "reconstruction_error_stats": {
      "mean": 0.36028811845049397,
      "std": 0.10808643553514818,
      "min": 0.0360288118450494,
      "max": 1.8014405922524699,
      "percentile_95": 0.7205762369009879,
      "percentile_99": 1.0808643553514818
    },
    "anomaly_detection_threshold": 0.7205762369009879,
    "validation_accuracy_estimate": 0.05696122238593704,
    "loss_variance": 0.00463539559789094,
    "gradient_norm_stats": null,
    "learning_rate_schedule": []
  },
  "model_architecture": {
    "model_type": "autoencoder",
    "input_dimension": 715,
    "hidden_dimensions": [
      702
    ],
    "latent_dimension": 154,
    "total_parameters": 1220076,
    "trainable_parameters": 1220076,
    "model_size_mb": 4.6542205810546875,
    "activation_functions": [
      "ReLU"
    ],
    "dropout_rate": 0.5
  },
  "training_configuration": {
    "learning_rate": 0.9810612375322778,
    "batch_size": 487,
    "epochs": 725,
    "optimizer": "Adam",
    "loss_function": "MSE",
    "early_stopping_patience": 21,
    "min_delta": 0.0073659930857419,
    "data_split_ratios": {
      "train": 0.7,
      "validation": 0.2,
      "test": 0.1
    },
    "device_used": "cuda",
    "random_seed": null
  },
  "summary_statistics": {
    "overall_performance_score": 0.3567494023252857,
    "training_efficiency": {
      "time_per_epoch": 925.0837934679772,
      "epochs_to_convergence": 82,
      "early_stopping_benefit": false
    },
    "model_quality": {
      "final_loss": 1.6306345733798508,
      "best_loss": 1.6036789060956054,
      "loss_improvement": 0.22377595248501195,
      "stability_score": 0.995364604402109
    },
    "anomaly_detection_readiness": {
      "threshold": 0.7205762369009879,
      "estimated_accuracy": 0.05696122238593704,
      "reconstruction_quality": 0.639711881549506
    },
    "architecture_efficiency": {
      "parameters_per_dimension": 1706.4,
      "compression_ratio": 4.642857142857143,
      "model_complexity": 1
    }
  },
  "performance_analysis": {
    "overall_score": 0.3567494023252857,
    "strengths": [
      "No overfitting detected",
      "Stable training"
    ],
    "weaknesses": [
      "Large generalization gap",
      "No clear convergence",
      "Low validation accuracy"
    ],
    "performance_category": "Poor",
    "key_insights": [
      "Model achieved 5.7% estimated accuracy",
      "Training completed in 75856.9 seconds",
      "Best performance at epoch 70 of 82",
      "Anomaly detection threshold set at 0.720576"
    ]
  },
  "recommendations": [
    "Consider increasing model capacity or training time",
    "Increase training epochs or adjust learning rate",
    "Improve data quality or add data augmentation",
    "Consider using GPU acceleration or reducing batch size",
    "Review data preprocessing and normalization"
  ],
  "visualizations": {
    "loss_curves": "outputs/training_reports/job_None_20251216_220623/loss_curves.png",
    "metrics_dashboard": "outputs/training_reports/job_None_20251216_220623/metrics_dashboard.png",
    "error_distribution": "outputs/training_reports/job_None_20251216_220623/error_distribution.png",
    "training_progress": "outputs/training_reports/job_None_20251216_220623/training_progress.png",
    "architecture_diagram": "outputs/training_reports/job_None_20251216_220623/architecture_diagram.png",
    "performance_summary": "outputs/training_reports/job_None_20251216_220623/performance_summary.png"
  },
  "raw_training_data": {
    "success": true,
    "epochs_trained": 82,
    "best_val_loss": 1.6036789060956054,
    "final_train_loss": 0.8050945358322961,
    "final_val_loss": 1.6306345733798508,
    "training_time": 75856.87106437414,
    "model_architecture": {
      "model_type": "autoencoder",
      "input_dim": 715,
      "hidden_dims": [
        702
      ],
      "latent_dim": 154,
      "total_parameters": 1220076,
      "trainable_parameters": 1220076,
      "model_size_mb": 4.6542205810546875,
      "activation_functions": [
        "ReLU"
      ],
      "dropout_rate": 0.5
    },
    "training_config": {
      "learning_rate": 0.9810612375322778,
      "batch_size": 487,
      "epochs": 725,
      "optimizer": "Adam",
      "loss_function": "MSE",
      "early_stopping_patience": 21,
      "min_delta": 0.0073659930857419,
      "train_split": 0.7,
      "validation_split": 0.2,
      "test_split": 0.1,
      "random_seed": null
    },
    "metrics": {
      "validation_mean_error": 0.36028811845049397,
      "validation_std_error": 0.10808643553514818,
      "validation_min_error": 0.0360288118450494,
      "validation_max_error": 1.8014405922524699,
      "validation_percentile_95": 0.7205762369009879,
      "validation_percentile_99": 1.0808643553514818
    },
    "training_history": [
      {
        "epoch": 1,
        "train_loss": 2.959012060934794,
        "val_loss": 2.63481715964509
      },
      {
        "epoch": 2,
        "train_loss": 2.899831819716098,
        "val_loss": 2.5056052327902902
      },
      {
        "epoch": 3,
        "train_loss": 2.918863957369953,
        "val_loss": 2.4724433700769315
      },
      {
        "epoch": 4,
        "train_loss": 2.9188347687303797,
        "val_loss": 2.4523628832715763
      },
      {
        "epoch": 5,
        "train_loss": 2.843273321872353,
        "val_loss": 2.55222913360608
      },
      {
        "epoch": 6,
        "train_loss": 2.819143973943944,
        "val_loss": 2.5512758606466193
      },
      {
        "epoch": 7,
        "train_loss": 2.678186775246747,
        "val_loss": 2.573225875678881
      },
      {
        "epoch": 8,
        "train_loss": 2.6781599933789946,
        "val_loss": 2.5217613581653033
      },
      {
        "epoch": 9,
        "train_loss": 2.6997966503301667,
        "val_loss": 2.4190230986037764
      },
      {
        "epoch": 10,
        "train_loss": 2.7315840666728723,
        "val_loss": 2.4189989083727905
      },
      {
        "epoch": 11,
        "train_loss": 2.5950048633392284,
        "val_loss": 2.336565796898881
      },
      {
        "epoch": 12,
        "train_loss": 2.6012222986581857,
        "val_loss": 2.2579213917371868
      },
      {
        "epoch": 13,
        "train_loss": 2.548838656997365,
        "val_loss": 2.2368691166991126
      },
      {
        "epoch": 14,
        "train_loss": 2.5145906010837753,
        "val_loss": 2.24012614273997
      },
      {
        "epoch": 15,
        "train_loss": 2.4642987890620995,
        "val_loss": 2.15931533993697
      },
      {
        "epoch": 16,
        "train_loss": 2.475088548807772,
        "val_loss": 2.236096552277813
      },
      {
        "epoch": 17,
        "train_loss": 2.46725447417271,
        "val_loss": 2.2897402022577884
      },
      {
        "epoch": 18,
        "train_loss": 2.45222568455703,
        "val_loss": 2.271030150767741
      },
      {
        "epoch": 19,
        "train_loss": 2.50127019824817,
        "val_loss": 2.369106425332991
      },
      {
        "epoch": 20,
        "train_loss": 2.397418489186019,
        "val_loss": 2.4306698214377374
      },
      {
        "epoch": 21,
        "train_loss": 2.301366435720144,