{
  "report_metadata": {
    "training_job_id": null,
    "generation_timestamp": "2025-12-16T22:06:23.617935",
    "report_version": "1.0",
    "generator": "TrainingReportGenerator"
  },
  "training_metrics": {
    "final_train_loss": 1.012017040797042,
    "final_val_loss": 1.826859616439892,
    "best_val_loss": 1.6695258012842615,
    "best_epoch": 32,
    "total_epochs": 55,
    "training_time_seconds": 83816.41323829547,
    "train_loss_mean": 1.8389987805535193,
    "train_loss_std": 0.5821760060486743,
    "val_loss_mean": 1.9169007714172308,
    "val_loss_std": 0.10160731364792844,
    "convergence_epoch": null,
    "early_stopping_triggered": false,
    "overfitting_detected": "False",
    "generalization_gap": 0.8148425756428501,
    "reconstruction_error_stats": {
      "mean": 0.1485882076574184,
      "std": 0.04457646229722552,
      "min": 0.01485882076574184,
      "max": 0.742941038287092,
      "percentile_95": 0.2971764153148368,
      "percentile_99": 0.44576462297225516
    },
    "anomaly_detection_threshold": 0.2971764153148368,
    "validation_accuracy_estimate": 0.006600963655872261,
    "loss_variance": 0.004241478222739842,
    "gradient_norm_stats": null,
    "learning_rate_schedule": []
  },
  "model_architecture": {
    "model_type": "autoencoder",
    "input_dimension": 304,
    "hidden_dimensions": [
      1538
    ],
    "latent_dimension": 179,
    "total_parameters": 1485708,
    "trainable_parameters": 1485708,
    "model_size_mb": 5.6675262451171875,
    "activation_functions": [
      "ReLU"
    ],
    "dropout_rate": 0.10422243018259594
  },
  "training_configuration": {
    "learning_rate": 0.7896811284904993,
    "batch_size": 477,
    "epochs": 342,
    "optimizer": "Adam",
    "loss_function": "MSE",
    "early_stopping_patience": 48,
    "min_delta": 0.0048320682131767195,
    "data_split_ratios": {
      "train": 0.7,
      "validation": 0.2,
      "test": 0.1
    },
    "device_used": "cuda",
    "random_seed": null
  },
  "summary_statistics": {
    "overall_performance_score": 0.3388235746892309,
    "training_efficiency": {
      "time_per_epoch": 1523.9347861508268,
      "epochs_to_convergence": 55,
      "early_stopping_benefit": false
    },
    "model_quality": {
      "final_loss": 1.826859616439892,
      "best_loss": 1.6695258012842615,
      "loss_improvement": 0.12904943950232564,
      "stability_score": 0.9957585217772602
    },
    "anomaly_detection_readiness": {
      "threshold": 0.2971764153148368,
      "estimated_accuracy": 0.006600963655872261,
      "reconstruction_quality": 0.8514117923425816
    },
    "architecture_efficiency": {
      "parameters_per_dimension": 4887.1973684210525,
      "compression_ratio": 1.6983240223463687,
      "model_complexity": 1
    }
  },
  "performance_analysis": {
    "overall_score": 0.3388235746892309,
    "strengths": [
      "No overfitting detected",
      "Stable training"
    ],
    "weaknesses": [
      "Large generalization gap",
      "No clear convergence",
      "Low validation accuracy"
    ],
    "performance_category": "Poor",
    "key_insights": [
      "Model achieved 0.7% estimated accuracy",
      "Training completed in 83816.4 seconds",
      "Best performance at epoch 32 of 55",
      "Anomaly detection threshold set at 0.297176"
    ]
  },
  "recommendations": [
    "Consider increasing model capacity or training time",
    "Increase training epochs or adjust learning rate",
    "Improve data quality or add data augmentation",
    "Consider using GPU acceleration or reducing batch size",
    "Review data preprocessing and normalization"
  ],
  "visualizations": {
    "loss_curves": "outputs/training_reports/job_None_20251216_220616/loss_curves.png",
    "metrics_dashboard": "outputs/training_reports/job_None_20251216_220616/metrics_dashboard.png",
    "error_distribution": "outputs/training_reports/job_None_20251216_220616/error_distribution.png",
    "training_progress": "outputs/training_reports/job_None_20251216_220616/training_progress.png",
    "architecture_diagram": "outputs/training_reports/job_None_20251216_220616/architecture_diagram.png",
    "performance_summary": "outputs/training_reports/job_None_20251216_220616/performance_summary.png"
  },
  "raw_training_data": {
    "success": true,
    "epochs_trained": 55,
    "best_val_loss": 1.6695258012842615,
    "final_train_loss": 1.012017040797042,
    "final_val_loss": 1.826859616439892,
    "training_time": 83816.41323829547,
    "model_architecture": {
      "model_type": "autoencoder",
      "input_dim": 304,
      "hidden_dims": [
        1538
      ],
      "latent_dim": 179,
      "total_parameters": 1485708,
      "trainable_parameters": 1485708,
      "model_size_mb": 5.6675262451171875,
      "activation_functions": [
        "ReLU"
      ],
      "dropout_rate": 0.10422243018259594
    },
    "training_config": {
      "learning_rate": 0.7896811284904993,
      "batch_size": 477,
      "epochs": 342,
      "optimizer": "Adam",
      "loss_function": "MSE",
      "early_stopping_patience": 48,
      "min_delta": 0.0048320682131767195,
      "train_split": 0.7,
      "validation_split": 0.2,
      "test_split": 0.1,
      "random_seed": null
    },
    "metrics": {
      "validation_mean_error": 0.1485882076574184,
      "validation_std_error": 0.04457646229722552,
      "validation_min_error": 0.01485882076574184,
      "validation_max_error": 0.742941038287092,
      "validation_percentile_95": 0.2971764153148368,
      "validation_percentile_99": 0.44576462297225516
    },
    "training_history": [
      {
        "epoch": 1,
        "train_loss": 3.112654437370486,
        "val_loss": 2.0670930181167235
      },
      {
        "epoch": 2,
        "train_loss": 2.9688142887832556,
        "val_loss": 1.984444450978227
      },
      {
        "epoch": 3,
        "train_loss": 2.931423821792673,
        "val_loss": 2.0594763412098227
      },
      {
        "epoch": 4,
        "train_loss": 2.8859332536173015,
        "val_loss": 2.0077983067473473
      },
      {
        "epoch": 5,
        "train_loss": 2.867760481797911,
        "val_loss": 2.00777822876428
      },
      {
        "epoch": 6,
        "train_loss": 2.7243724577080153,
        "val_loss": 1.94103888382025
      },
      {
        "epoch": 7,
        "train_loss": 2.5881538348226143,
        "val_loss": 1.9944284880773822
      },
      {
        "epoch": 8,
        "train_loss": 2.6213888889564547,
        "val_loss": 1.894707063673513
      },
      {
        "epoch": 9,
        "train_loss": 2.5361384201854524,
        "val_loss": 1.9288897759545571
      },
      {
        "epoch": 10,
        "train_loss": 2.4854156517817434,
        "val_loss": 1.94083072729454
      },
      {
        "epoch": 11,
        "train_loss": 2.4907144575817655,
        "val_loss": 1.8999577904875984
      },
      {
        "epoch": 12,
        "train_loss": 2.3860417324836405,
        "val_loss": 1.9949556800119779
      },
      {
        "epoch": 13,
        "train_loss": 2.3234680013807485,
        "val_loss": 2.0688842837391435
      },
      {
        "epoch": 14,
        "train_loss": 2.2464113033148387,
        "val_loss": 2.001835084700042
      },
      {
        "epoch": 15,
        "train_loss": 2.219544135815397,
        "val_loss": 2.0165995026012324
      },
      {
        "epoch": 16,
        "train_loss": 2.1336645396641347,
        "val_loss": 1.997036118469729
      },
      {
        "epoch": 17,
        "train_loss": 2.133643203018738,
        "val_loss": 2.0223910859679233
      },
      {
        "epoch": 18,
        "train_loss": 2.1121067730243803,
        "val_loss": 2.004755734210741
      },
      {
        "epoch": 19,
        "train_loss": 2.0183836995296,
        "val_loss": 2.050693788088844
      },
      {
        "epoch": 20,
        "train_loss": 1.9877237868200235,
        "val_loss": 2.03712603774748
      },
      {
        "epoch": 21,