{
  "report_metadata": {
    "training_job_id": null,
    "generation_timestamp": "2025-12-16T23:00:23.869929",
    "report_version": "1.0",
    "generator": "TrainingReportGenerator"
  },
  "training_metrics": {
    "final_train_loss": 2.3104121884901656,
    "final_val_loss": 3.7738460211562197,
    "best_val_loss": 3.098992900823228,
    "best_epoch": 27,
    "total_epochs": 45,
    "training_time_seconds": 15265.782597536829,
    "train_loss_mean": 3.0057931608656827,
    "train_loss_std": 0.555717251490792,
    "val_loss_mean": 3.557133850299486,
    "val_loss_std": 0.3123570966759649,
    "convergence_epoch": null,
    "early_stopping_triggered": false,
    "overfitting_detected": "False",
    "generalization_gap": 1.463433832666054,
    "reconstruction_error_stats": {
      "mean": 0.7683794729201112,
      "std": 0.23051384187603335,
      "min": 0.07683794729201113,
      "max": 3.8418973646005563,
      "percentile_95": 1.5367589458402224,
      "percentile_99": 2.3051384187603334
    },
    "anomaly_detection_threshold": 1.5367589458402224,
    "validation_accuracy_estimate": 0.0,
    "loss_variance": 0.020909042309495578,
    "gradient_norm_stats": null,
    "learning_rate_schedule": []
  },
  "model_architecture": {
    "model_type": "autoencoder",
    "input_dimension": 1087,
    "hidden_dimensions": [
      1051,
      1104,
      2014
    ],
    "latent_dimension": 232,
    "total_parameters": 9986890,
    "trainable_parameters": 9986890,
    "model_size_mb": 38.096961975097656,
    "activation_functions": [
      "ReLU"
    ],
    "dropout_rate": 2.2250738585072014e-308
  },
  "training_configuration": {
    "learning_rate": 0.8600679139869164,
    "batch_size": 80,
    "epochs": 96,
    "optimizer": "Adam",
    "loss_function": "MSE",
    "early_stopping_patience": 5,
    "min_delta": 0.006560750015392389,
    "data_split_ratios": {
      "train": 0.7,
      "validation": 0.2,
      "test": 0.1
    },
    "device_used": "cuda",
    "random_seed": null
  },
  "summary_statistics": {
    "overall_performance_score": 0.2958181915381009,
    "training_efficiency": {
      "time_per_epoch": 339.2396132785962,
      "epochs_to_convergence": 45,
      "early_stopping_benefit": false
    },
    "model_quality": {
      "final_loss": 3.7738460211562197,
      "best_loss": 3.098992900823228,
      "loss_improvement": 0.12879497054565028,
      "stability_score": 0.9790909576905045
    },
    "anomaly_detection_readiness": {
      "threshold": 1.5367589458402224,
      "estimated_accuracy": 0.0,
      "reconstruction_quality": 0.23162052707988878
    },
    "architecture_efficiency": {
      "parameters_per_dimension": 9187.571297148113,
      "compression_ratio": 4.685344827586207,
      "model_complexity": 3
    }
  },
  "performance_analysis": {
    "overall_score": 0.2958181915381009,
    "strengths": [
      "No overfitting detected"
    ],
    "weaknesses": [
      "Large generalization gap",
      "No clear convergence",
      "Low validation accuracy"
    ],
    "performance_category": "Poor",
    "key_insights": [
      "Model achieved 0.0% estimated accuracy",
      "Training completed in 15265.8 seconds",
      "Best performance at epoch 27 of 45",
      "Anomaly detection threshold set at 1.536759"
    ]
  },
  "recommendations": [
    "Consider increasing model capacity or training time",
    "Increase training epochs or adjust learning rate",
    "Improve data quality or add data augmentation",
    "Consider using GPU acceleration or reducing batch size",
    "Review data preprocessing and normalization"
  ],
  "visualizations": {
    "loss_curves": "outputs/training_reports/job_None_20251216_230018/loss_curves.png",
    "metrics_dashboard": "outputs/training_reports/job_None_20251216_230018/metrics_dashboard.png",
    "error_distribution": "outputs/training_reports/job_None_20251216_230018/error_distribution.png",
    "training_progress": "outputs/training_reports/job_None_20251216_230018/training_progress.png",
    "architecture_diagram": "outputs/training_reports/job_None_20251216_230018/architecture_diagram.png",
    "performance_summary": "outputs/training_reports/job_None_20251216_230018/performance_summary.png"
  },
  "raw_training_data": {
    "success": true,
    "epochs_trained": 45,
    "best_val_loss": 3.098992900823228,
    "final_train_loss": 2.3104121884901656,
    "final_val_loss": 3.7738460211562197,
    "training_time": 15265.782597536829,
    "model_architecture": {
      "model_type": "autoencoder",
      "input_dim": 1087,
      "hidden_dims": [
        1051,
        1104,
        2014
      ],
      "latent_dim": 232,
      "total_parameters": 9986890,
      "trainable_parameters": 9986890,
      "model_size_mb": 38.096961975097656,
      "activation_functions": [
        "ReLU"
      ],
      "dropout_rate": 2.2250738585072014e-308
    },
    "training_config": {
      "learning_rate": 0.8600679139869164,
      "batch_size": 80,
      "epochs": 96,
      "optimizer": "Adam",
      "loss_function": "MSE",
      "early_stopping_patience": 5,
      "min_delta": 0.006560750015392389,
      "train_split": 0.7,
      "validation_split": 0.2,
      "test_split": 0.1,
      "random_seed": null
    },
    "metrics": {
      "validation_mean_error": 0.7683794729201112,
      "validation_std_error": 0.23051384187603335,
      "validation_min_error": 0.07683794729201113,
      "validation_max_error": 3.8418973646005563,
      "validation_percentile_95": 1.5367589458402224,
      "validation_percentile_99": 2.3051384187603334
    },
    "training_history": [
      {
        "epoch": 1,
        "train_loss": 3.9974715526757376,
        "val_loss": 4.383374830686513
      },
      {
        "epoch": 2,
        "train_loss": 4.052152287031761,
        "val_loss": 4.319178440388956
      },
      {
        "epoch": 3,
        "train_loss": 3.899025858146963,
        "val_loss": 4.112119549602666
      },
      {
        "epoch": 4,
        "train_loss": 3.877421404558122,
        "val_loss": 4.1120784284071705
      },
      {
        "epoch": 5,
        "train_loss": 3.8594378284735678,
        "val_loss": 3.946162017170398
      },
      {
        "epoch": 6,
        "train_loss": 3.8593992340952834,
        "val_loss": 4.124148006784124
      },
      {
        "epoch": 7,
        "train_loss": 3.7724772250112766,
        "val_loss": 3.923862157795828
      },
      {
        "epoch": 8,
        "train_loss": 3.8155774953293973,
        "val_loss": 3.802069686496626
      },
      {
        "epoch": 9,
        "train_loss": 3.8155393395544444,
        "val_loss": 3.6119662021717946
      },
      {
        "epoch": 10,
        "train_loss": 3.6461299781464063,
        "val_loss": 3.5685794072869226
      },
      {
        "epoch": 11,
        "train_loss": 3.4638234792390863,
        "val_loss": 3.5650108278796355
      },
      {
        "epoch": 12,
        "train_loss": 3.427254257253052,
        "val_loss": 3.49534432413131
      },
      {
        "epoch": 13,
        "train_loss": 3.280625655761208,
        "val_loss": 3.424659939124153
      },
      {
        "epoch": 14,
        "train_loss": 3.2746287995428336,
        "val_loss": 3.2534269421679456
      },
      {
        "epoch": 15,
        "train_loss": 3.274596053254838,
        "val_loss": 3.3316389154153994
      },
      {
        "epoch": 16,
        "train_loss": 3.3300126524829192,
        "val_loss": 3.2795094702709475
      },
      {
        "epoch": 17,
        "train_loss": 3.1759004325649114,
        "val_loss": 3.3340398809810923
      },
      {
        "epoch": 18,
        "train_loss": 3.0794464535596178,
        "val_loss": 3.4049362247796675
      },
      {
        "epoch": 19,
        "train_loss": 3.0985967174041593,
        "val_loss": 3.437668907523821
      },
      {
        "epoch": 20,
        "train_loss": 3.1301891326660223,
        "val_loss": 3.4782307457308157
      },
      {
        "epoch": 21,