{
  "report_metadata": {
    "training_job_id": null,
    "generation_timestamp": "2025-12-16T23:00:53.846958",
    "report_version": "1.0",
    "generator": "TrainingReportGenerator"
  },
  "training_metrics": {
    "final_train_loss": 0.97633032894652,
    "final_val_loss": 1.590053975272983,
    "best_val_loss": 0.9532726357377569,
    "best_epoch": 3,
    "total_epochs": 71,
    "training_time_seconds": 14705.77127889004,
    "train_loss_mean": 1.894160261040457,
    "train_loss_std": 0.7278060019977904,
    "val_loss_mean": 1.2599408386424527,
    "val_loss_std": 0.2078831912890842,
    "convergence_epoch": null,
    "early_stopping_triggered": false,
    "overfitting_detected": "False",
    "generalization_gap": 0.6137236463264629,
    "reconstruction_error_stats": {
      "mean": 0.9964669350058771,
      "std": 0.29894008050176313,
      "min": 0.09964669350058772,
      "max": 4.982334675029386,
      "percentile_95": 1.9929338700117543,
      "percentile_99": 2.9894008050176315
    },
    "anomaly_detection_threshold": 1.9929338700117543,
    "validation_accuracy_estimate": 0.16054939596316387,
    "loss_variance": 0.0032268648117462656,
    "gradient_norm_stats": null,
    "learning_rate_schedule": []
  },
  "model_architecture": {
    "model_type": "autoencoder",
    "input_dimension": 504,
    "hidden_dimensions": [
      1297,
      1358
    ],
    "latent_dimension": 123,
    "total_parameters": 5164096,
    "trainable_parameters": 5164096,
    "model_size_mb": 19.699462890625,
    "activation_functions": [
      "ReLU"
    ],
    "dropout_rate": 0.0
  },
  "training_configuration": {
    "learning_rate": 0.08810294778006465,
    "batch_size": 500,
    "epochs": 889,
    "optimizer": "Adam",
    "loss_function": "MSE",
    "early_stopping_patience": 13,
    "min_delta": 0.006697027431856547,
    "data_split_ratios": {
      "train": 0.7,
      "validation": 0.2,
      "test": 0.1
    },
    "device_used": "mps",
    "random_seed": 58
  },
  "summary_statistics": {
    "overall_performance_score": 0.4408296561576237,
    "training_efficiency": {
      "time_per_epoch": 207.12353913929635,
      "epochs_to_convergence": 71,
      "early_stopping_benefit": false
    },
    "model_quality": {
      "final_loss": 1.590053975272983,
      "best_loss": 0.9532726357377569,
      "loss_improvement": 0.2433988910424725,
      "stability_score": 0.9967731351882537
    },
    "anomaly_detection_readiness": {
      "threshold": 1.9929338700117543,
      "estimated_accuracy": 0.16054939596316387,
      "reconstruction_quality": 0.00353306499412287
    },
    "architecture_efficiency": {
      "parameters_per_dimension": 10246.222222222223,
      "compression_ratio": 4.097560975609756,
      "model_complexity": 2
    }
  },
  "performance_analysis": {
    "overall_score": 0.4408296561576237,
    "strengths": [
      "No overfitting detected",
      "Stable training"
    ],
    "weaknesses": [
      "Large generalization gap",
      "No clear convergence",
      "Low validation accuracy"
    ],
    "performance_category": "Fair",
    "key_insights": [
      "Model achieved 16.1% estimated accuracy",
      "Training completed in 14705.8 seconds",
      "Best performance at epoch 3 of 71",
      "Anomaly detection threshold set at 1.992934"
    ]
  },
  "recommendations": [
    "Consider increasing model capacity or training time",
    "Increase training epochs or adjust learning rate",
    "Improve data quality or add data augmentation",
    "Consider using GPU acceleration or reducing batch size",
    "Review data preprocessing and normalization"
  ],
  "visualizations": {
    "loss_curves": "outputs/training_reports/job_None_20251216_230046/loss_curves.png",
    "metrics_dashboard": "outputs/training_reports/job_None_20251216_230046/metrics_dashboard.png",
    "error_distribution": "outputs/training_reports/job_None_20251216_230046/error_distribution.png",
    "training_progress": "outputs/training_reports/job_None_20251216_230046/training_progress.png",
    "architecture_diagram": "outputs/training_reports/job_None_20251216_230046/architecture_diagram.png",
    "performance_summary": "outputs/training_reports/job_None_20251216_230046/performance_summary.png"
  },
  "raw_training_data": {
    "success": true,
    "epochs_trained": 71,
    "best_val_loss": 0.9532726357377569,
    "final_train_loss": 0.97633032894652,
    "final_val_loss": 1.590053975272983,
    "training_time": 14705.77127889004,
    "model_architecture": {
      "model_type": "autoencoder",
      "input_dim": 504,
      "hidden_dims": [
        1297,
        1358
      ],
      "latent_dim": 123,
      "total_parameters": 5164096,
      "trainable_parameters": 5164096,
      "model_size_mb": 19.699462890625,
      "activation_functions": [
        "ReLU"
      ],
      "dropout_rate": 0.0
    },
    "training_config": {
      "learning_rate": 0.08810294778006465,
      "batch_size": 500,
      "epochs": 889,
      "optimizer": "Adam",
      "loss_function": "MSE",
      "early_stopping_patience": 13,
      "min_delta": 0.006697027431856547,
      "train_split": 0.7,
      "validation_split": 0.2,
      "test_split": 0.1,
      "random_seed": 58
    },
    "metrics": {
      "validation_mean_error": 0.9964669350058771,
      "validation_std_error": 0.29894008050176313,
      "validation_min_error": 0.09964669350058772,
      "validation_max_error": 4.982334675029386,
      "validation_percentile_95": 1.9929338700117543,
      "validation_percentile_99": 2.9894008050176315
    },
    "training_history": [
      {
        "epoch": 1,
        "train_loss": 3.4347146399512924,
        "val_loss": 0.99999
      },
      {
        "epoch": 2,
        "train_loss": 3.278904079902445,
        "val_loss": 1.0034448797239546
      },
      {
        "epoch": 3,
        "train_loss": 3.1747269704169496,
        "val_loss": 0.9532726357377569
      },
      {
        "epoch": 4,
        "train_loss": 3.0739939087155506,
        "val_loss": 0.9969939314734384
      },
      {
        "epoch": 5,
        "train_loss": 3.049075319125871,
        "val_loss": 1.005249809368285
      },
      {
        "epoch": 6,
        "train_loss": 2.9677026457961686,
        "val_loss": 1.0194624692586784
      },
      {
        "epoch": 7,
        "train_loss": 2.8284082563039,
        "val_loss": 1.030402755856187
      },
      {
        "epoch": 8,
        "train_loss": 2.7158562305695186,
        "val_loss": 1.071711812307424
      },
      {
        "epoch": 9,
        "train_loss": 2.6615391059581284,
        "val_loss": 1.0997194628228009
      },
      {
        "epoch": 10,
        "train_loss": 2.709013683363811,
        "val_loss": 1.0997084656281726
      },
      {
        "epoch": 11,
        "train_loss": 2.7631939570310866,
        "val_loss": 1.1452162535312564
      },
      {
        "epoch": 12,
        "train_loss": 2.65759006673504,
        "val_loss": 1.1692662618020593
      },
      {
        "epoch": 13,
        "train_loss": 2.6554661249267575,
        "val_loss": 1.1162073528220045
      },
      {
        "epoch": 14,
        "train_loss": 2.591521788939319,
        "val_loss": 1.1526809693513482
      },
      {
        "epoch": 15,
        "train_loss": 2.642250883371538,
        "val_loss": 1.1232969713600802
      },
      {
        "epoch": 16,
        "train_loss": 2.6860286971188394,
        "val_loss": 1.1232857383903667
      },
      {
        "epoch": 17,
        "train_loss": 2.6082515450300003,
        "val_loss": 1.0947645321665131
      },
      {
        "epoch": 18,
        "train_loss": 2.647952399389809,
        "val_loss": 1.1262533564406172
      },
      {
        "epoch": 19,
        "train_loss": 2.6035135992245655,
        "val_loss": 1.182566024262648
      },
      {
        "epoch": 20,
        "train_loss": 2.6131217789151857,
        "val_loss": 1.1234377230495154
      },
      {
        "epoch": 21,
        "train_loss": 2.608654157269585,