{
  "report_metadata": {
    "training_job_id": null,
    "generation_timestamp": "2025-12-16T18:36:21.451684",
    "report_version": "1.0",
    "generator": "TrainingReportGenerator"
  },
  "training_metrics": {
    "final_train_loss": 0.5003744194541092,
    "final_val_loss": 0.8181653100450723,
    "best_val_loss": 0.7965847374698117,
    "best_epoch": 52,
    "total_epochs": 57,
    "training_time_seconds": 34930.13211686173,
    "train_loss_mean": 0.9568376651860006,
    "train_loss_std": 0.30543548367708023,
    "val_loss_mean": 0.9303783929928431,
    "val_loss_std": 0.08977448258545036,
    "convergence_epoch": null,
    "early_stopping_triggered": false,
    "overfitting_detected": "False",
    "generalization_gap": 0.3177908905909631,
    "reconstruction_error_stats": {
      "mean": 0.5254956536346156,
      "std": 0.15764869609038468,
      "min": 0.05254956536346156,
      "max": 2.627478268173078,
      "percentile_95": 1.0509913072692312,
      "percentile_99": 1.5764869609038468
    },
    "anomaly_detection_threshold": 1.0509913072692312,
    "validation_accuracy_estimate": 0.14492777634748688,
    "loss_variance": 0.0004588387321802764,
    "gradient_norm_stats": null,
    "learning_rate_schedule": []
  },
  "model_architecture": {
    "model_type": "autoencoder",
    "input_dimension": 1840,
    "hidden_dimensions": [
      1000
    ],
    "latent_dimension": 255,
    "total_parameters": 4190000,
    "trainable_parameters": 4190000,
    "model_size_mb": 15.98358154296875,
    "activation_functions": [
      "ReLU"
    ],
    "dropout_rate": 0.19977929247328735
  },
  "training_configuration": {
    "learning_rate": 0.31745971401310735,
    "batch_size": 49,
    "epochs": 223,
    "optimizer": "Adam",
    "loss_function": "MSE",
    "early_stopping_patience": 10,
    "min_delta": 0.0015982736219515216,
    "data_split_ratios": {
      "train": 0.7,
      "validation": 0.2,
      "test": 0.1
    },
    "device_used": "cuda",
    "random_seed": 1356268326
  },
  "summary_statistics": {
    "overall_performance_score": 0.49432116467436615,
    "training_efficiency": {
      "time_per_epoch": 612.8093353835391,
      "epochs_to_convergence": 57,
      "early_stopping_benefit": false
    },
    "model_quality": {
      "final_loss": 0.8181653100450723,
      "best_loss": 0.7965847374698117,
      "loss_improvement": 0.14380563492305926,
      "stability_score": 0.9995411612678198
    },
    "anomaly_detection_readiness": {
      "threshold": 1.0509913072692312,
      "estimated_accuracy": 0.14492777634748688,
      "reconstruction_quality": 0.4745043463653844
    },
    "architecture_efficiency": {
      "parameters_per_dimension": 2277.1739130434785,
      "compression_ratio": 7.215686274509804,
      "model_complexity": 1
    }
  },
  "performance_analysis": {
    "overall_score": 0.49432116467436615,
    "strengths": [
      "No overfitting detected",
      "Stable training"
    ],
    "weaknesses": [
      "Large generalization gap",
      "No clear convergence",
      "Low validation accuracy"
    ],
    "performance_category": "Fair",
    "key_insights": [
      "Model achieved 14.5% estimated accuracy",
      "Training completed in 34930.1 seconds",
      "Best performance at epoch 52 of 57",
      "Anomaly detection threshold set at 1.050991"
    ]
  },
  "recommendations": [
    "Consider increasing model capacity or training time",
    "Increase training epochs or adjust learning rate",
    "Improve data quality or add data augmentation",
    "Consider using GPU acceleration or reducing batch size",
    "Review data preprocessing and normalization"
  ],
  "visualizations": {
    "loss_curves": "outputs/training_reports/job_None_20251216_183615/loss_curves.png",
    "metrics_dashboard": "outputs/training_reports/job_None_20251216_183615/metrics_dashboard.png",
    "error_distribution": "outputs/training_reports/job_None_20251216_183615/error_distribution.png",
    "training_progress": "outputs/training_reports/job_None_20251216_183615/training_progress.png",
    "architecture_diagram": "outputs/training_reports/job_None_20251216_183615/architecture_diagram.png",
    "performance_summary": "outputs/training_reports/job_None_20251216_183615/performance_summary.png"
  },
  "raw_training_data": {
    "success": true,
    "epochs_trained": 57,
    "best_val_loss": 0.7965847374698117,
    "final_train_loss": 0.5003744194541092,
    "final_val_loss": 0.8181653100450723,
    "training_time": 34930.13211686173,
    "model_architecture": {
      "model_type": "autoencoder",
      "input_dim": 1840,
      "hidden_dims": [
        1000
      ],
      "latent_dim": 255,
      "total_parameters": 4190000,
      "trainable_parameters": 4190000,
      "model_size_mb": 15.98358154296875,
      "activation_functions": [
        "ReLU"
      ],
      "dropout_rate": 0.19977929247328735
    },
    "training_config": {
      "learning_rate": 0.31745971401310735,
      "batch_size": 49,
      "epochs": 223,
      "optimizer": "Adam",
      "loss_function": "MSE",
      "early_stopping_patience": 10,
      "min_delta": 0.0015982736219515216,
      "train_split": 0.7,
      "validation_split": 0.2,
      "test_split": 0.1,
      "random_seed": 1356268326
    },
    "metrics": {
      "validation_mean_error": 0.5254956536346156,
      "validation_std_error": 0.15764869609038468,
      "validation_min_error": 0.05254956536346156,
      "validation_max_error": 2.627478268173078,
      "validation_percentile_95": 1.0509913072692312,
      "validation_percentile_99": 1.5764869609038468
    },
    "training_history": [
      {
        "epoch": 1,
        "train_loss": 1.453885970442469,
        "val_loss": 1.0430762062238799
      },
      {
        "epoch": 2,
        "train_loss": 1.4248082510336195,
        "val_loss": 0.9909223959126858
      },
      {
        "epoch": 3,
        "train_loss": 1.4247940029511093,
        "val_loss": 0.9909124866887268
      },
      {
        "epoch": 4,
        "train_loss": 1.396298122892087,
        "val_loss": 1.0245652778918142
      },
      {
        "epoch": 5,
        "train_loss": 1.3632929956946191,
        "val_loss": 1.0245652778918142
      },
      {
        "epoch": 6,
        "train_loss": 1.362000828933535,
        "val_loss": 1.0541490018689164
      },
      {
        "epoch": 7,
        "train_loss": 1.3609737631085213,
        "val_loss": 1.0571220656047526
      },
      {
        "epoch": 8,
        "train_loss": 1.3655264549928379,
        "val_loss": 1.044995391425014
      },
      {
        "epoch": 9,
        "train_loss": 1.3210841545307563,
        "val_loss": 1.090032869838134
      },
      {
        "epoch": 10,
        "train_loss": 1.3405388225813266,
        "val_loss": 1.0870618941898629
      },
      {
        "epoch": 11,
        "train_loss": 1.3009981591567532,
        "val_loss": 1.0858046427066264
      },
      {
        "epoch": 12,
        "train_loss": 1.2709037714541296,
        "val_loss": 1.031514410571295
      },
      {
        "epoch": 13,
        "train_loss": 1.231889128528394,
        "val_loss": 1.065836438404202
      },
      {
        "epoch": 14,
        "train_loss": 1.2194025167770803,
        "val_loss": 1.0608921351095983
      },
      {
        "epoch": 15,
        "train_loss": 1.2254239616796823,
        "val_loss": 1.0829645163910944
      },
      {
        "epoch": 16,
        "train_loss": 1.2209155257747388,
        "val_loss": 1.0565574760549241
      },
      {
        "epoch": 17,
        "train_loss": 1.2431759700755816,
        "val_loss": 1.0146621113331133
      },
      {
        "epoch": 18,
        "train_loss": 1.236021229909286,
        "val_loss": 0.9934441998526178
      },
      {
        "epoch": 19,
        "train_loss": 1.229597780598863,
        "val_loss": 0.9934342654106193
      },
      {
        "epoch": 20,
        "train_loss": 1.211773470751017,