{
  "report_metadata": {
    "training_job_id": null,
    "generation_timestamp": "2025-12-16T18:22:34.617860",
    "report_version": "1.0",
    "generator": "TrainingReportGenerator"
  },
  "training_metrics": {
    "final_train_loss": 1.4262515191894845,
    "final_val_loss": 2.2261285837132867,
    "best_val_loss": 2.073468057850534,
    "best_epoch": 44,
    "total_epochs": 53,
    "training_time_seconds": 1.0,
    "train_loss_mean": 2.2536205714093533,
    "train_loss_std": 0.5555749186452905,
    "val_loss_mean": 2.4215515420568954,
    "val_loss_std": 0.19456932656642278,
    "convergence_epoch": null,
    "early_stopping_triggered": false,
    "overfitting_detected": "False",
    "generalization_gap": 0.7998770645238023,
    "reconstruction_error_stats": {
      "mean": 0.22570831921610832,
      "std": 0.06771249576483249,
      "min": 0.022570831921610832,
      "max": 1.1285415960805416,
      "percentile_95": 0.45141663843221663,
      "percentile_99": 0.6771249576483249
    },
    "anomaly_detection_threshold": 0.45141663843221663,
    "validation_accuracy_estimate": 0.012199031214413347,
    "loss_variance": 0.004077913556594131,
    "gradient_norm_stats": null,
    "learning_rate_schedule": []
  },
  "model_architecture": {
    "model_type": "autoencoder",
    "input_dimension": 523,
    "hidden_dimensions": [
      686,
      1822,
      757,
      730,
      284
    ],
    "latent_dimension": 124,
    "total_parameters": 7566140,
    "trainable_parameters": 7566140,
    "model_size_mb": 28.862533569335938,
    "activation_functions": [
      "ReLU"
    ],
    "dropout_rate": 0.3857910716224001
  },
  "training_configuration": {
    "learning_rate": 0.13914343062033988,
    "batch_size": 385,
    "epochs": 12,
    "optimizer": "Adam",
    "loss_function": "MSE",
    "early_stopping_patience": 5,
    "min_delta": 0.004993390024588365,
    "data_split_ratios": {
      "train": 0.7,
      "validation": 0.2,
      "test": 0.1
    },
    "device_used": "cuda",
    "random_seed": null
  },
  "summary_statistics": {
    "overall_performance_score": 0.3440886168696861,
    "training_efficiency": {
      "time_per_epoch": 0.018867924528301886,
      "epochs_to_convergence": 53,
      "early_stopping_benefit": false
    },
    "model_quality": {
      "final_loss": 2.2261285837132867,
      "best_loss": 2.073468057850534,
      "loss_improvement": 0.14374399147031794,
      "stability_score": 0.9959220864434059
    },
    "anomaly_detection_readiness": {
      "threshold": 0.45141663843221663,
      "estimated_accuracy": 0.012199031214413347,
      "reconstruction_quality": 0.7742916807838917
    },
    "architecture_efficiency": {
      "parameters_per_dimension": 14466.806883365201,
      "compression_ratio": 4.217741935483871,
      "model_complexity": 5
    }
  },
  "performance_analysis": {
    "overall_score": 0.3440886168696861,
    "strengths": [
      "No overfitting detected",
      "Stable training"
    ],
    "weaknesses": [
      "Large generalization gap",
      "No clear convergence",
      "Low validation accuracy"
    ],
    "performance_category": "Poor",
    "key_insights": [
      "Model achieved 1.2% estimated accuracy",
      "Training completed in 1.0 seconds",
      "Best performance at epoch 44 of 53",
      "Anomaly detection threshold set at 0.451417"
    ]
  },
  "recommendations": [
    "Consider increasing model capacity or training time",
    "Increase training epochs or adjust learning rate",
    "Improve data quality or add data augmentation",
    "Review data preprocessing and normalization"
  ],
  "visualizations": {
    "loss_curves": "outputs/training_reports/job_None_20251216_182222/loss_curves.png",
    "metrics_dashboard": "outputs/training_reports/job_None_20251216_182222/metrics_dashboard.png",
    "error_distribution": "outputs/training_reports/job_None_20251216_182222/error_distribution.png",
    "training_progress": "outputs/training_reports/job_None_20251216_182222/training_progress.png",
    "architecture_diagram": "outputs/training_reports/job_None_20251216_182222/architecture_diagram.png",
    "performance_summary": "outputs/training_reports/job_None_20251216_182222/performance_summary.png"
  },
  "raw_training_data": {
    "success": true,
    "epochs_trained": 53,
    "best_val_loss": 2.073468057850534,
    "final_train_loss": 1.4262515191894845,
    "final_val_loss": 2.2261285837132867,
    "training_time": 1.0,
    "model_architecture": {
      "model_type": "autoencoder",
      "input_dim": 523,
      "hidden_dims": [
        686,
        1822,
        757,
        730,
        284
      ],
      "latent_dim": 124,
      "total_parameters": 7566140,
      "trainable_parameters": 7566140,
      "model_size_mb": 28.862533569335938,
      "activation_functions": [
        "ReLU"
      ],
      "dropout_rate": 0.3857910716224001
    },
    "training_config": {
      "learning_rate": 0.13914343062033988,
      "batch_size": 385,
      "epochs": 12,
      "optimizer": "Adam",
      "loss_function": "MSE",
      "early_stopping_patience": 5,
      "min_delta": 0.004993390024588365,
      "train_split": 0.7,
      "validation_split": 0.2,
      "test_split": 0.1,
      "random_seed": null
    },
    "metrics": {
      "validation_mean_error": 0.22570831921610832,
      "validation_std_error": 0.06771249576483249,
      "validation_min_error": 0.022570831921610832,
      "validation_max_error": 1.1285415960805416,
      "validation_percentile_95": 0.45141663843221663,
      "validation_percentile_99": 0.6771249576483249
    },
    "training_history": [
      {
        "epoch": 1,
        "train_loss": 2.8975427118474744,
        "val_loss": 2.381141585828174
      },
      {
        "epoch": 2,
        "train_loss": 2.897513736420356,
        "val_loss": 2.4337554356897777
      },
      {
        "epoch": 3,
        "train_loss": 2.955464011148763,
        "val_loss": 2.312067663905289
      },
      {
        "epoch": 4,
        "train_loss": 2.975134701352634,
        "val_loss": 2.3425751397870256
      },
      {
        "epoch": 5,
        "train_loss": 2.9751049500056204,
        "val_loss": 2.430410825371429
      },
      {
        "epoch": 6,
        "train_loss": 2.930520944104844,
        "val_loss": 2.4943039133620544
      },
      {
        "epoch": 7,
        "train_loss": 2.934755275410835,
        "val_loss": 2.5090481897641577
      },
      {
        "epoch": 8,
        "train_loss": 2.9934503809190516,
        "val_loss": 2.5621782406476084
      },
      {
        "epoch": 9,
        "train_loss": 3.0035659207889656,
        "val_loss": 2.542359545209769
      },
      {
        "epoch": 10,
        "train_loss": 2.974468167761973,
        "val_loss": 2.61250228206695
      },
      {
        "epoch": 11,
        "train_loss": 2.971493699594211,
        "val_loss": 2.5471026646915256
      },
      {
        "epoch": 12,
        "train_loss": 2.8651573131184285,
        "val_loss": 2.575727825998222
      },
      {
        "epoch": 13,
        "train_loss": 2.7750547437631017,
        "val_loss": 2.626547366632043
      },
      {
        "epoch": 14,
        "train_loss": 2.721779247922541,
        "val_loss": 2.7007018375800853
      },
      {
        "epoch": 15,
        "train_loss": 2.710880290778692,
        "val_loss": 2.68050022761807
      },
      {
        "epoch": 16,
        "train_loss": 2.707275014667171,
        "val_loss": 2.599394461878575
      },
      {
        "epoch": 17,
        "train_loss": 2.7072479419170246,
        "val_loss": 2.4694247387846464
      },
      {
        "epoch": 18,
        "train_loss": 2.71577652813193,
        "val_loss": 2.4505205451315026
      },
      {
        "epoch": 19,
        "train_loss": 2.6139291180420585,
        "val_loss": 2.5079701446657885
      },
      {
        "epoch": 20,
        "train_loss": 2.613902978750878,
        "val_loss": 2.580436870420425
      },
      {
        "epoch": 21,