{
  "report_metadata": {
    "training_job_id": null,
    "generation_timestamp": "2025-12-16T23:01:12.766353",
    "report_version": "1.0",
    "generator": "TrainingReportGenerator"
  },
  "training_metrics": {
    "final_train_loss": 2.813997440408623,
    "final_val_loss": 2.688951296904266,
    "best_val_loss": 2.6724119403162323,
    "best_epoch": 33,
    "total_epochs": 38,
    "training_time_seconds": 13024.163424600622,
    "train_loss_mean": 3.292905209811403,
    "train_loss_std": 0.3076763138282674,
    "val_loss_mean": 3.0294562932445013,
    "val_loss_std": 0.2040971448528181,
    "convergence_epoch": null,
    "early_stopping_triggered": false,
    "overfitting_detected": "False",
    "generalization_gap": -0.12504614350435705,
    "reconstruction_error_stats": {
      "mean": 0.06154314952570881,
      "std": 0.018462944857712642,
      "min": 0.006154314952570881,
      "max": 0.30771574762854403,
      "percentile_95": 0.12308629905141762,
      "percentile_99": 0.18462944857712643
    },
    "anomaly_detection_threshold": 0.12308629905141762,
    "validation_accuracy_estimate": 0.18341065849925509,
    "loss_variance": 0.005664623662358069,
    "gradient_norm_stats": null,
    "learning_rate_schedule": []
  },
  "model_architecture": {
    "model_type": "autoencoder",
    "input_dimension": 640,
    "hidden_dimensions": [
      1195,
      1413,
      110,
      350,
      989
    ],
    "latent_dimension": 148,
    "total_parameters": 6279574,
    "trainable_parameters": 6279574,
    "model_size_mb": 23.954673767089844,
    "activation_functions": [
      "ReLU"
    ],
    "dropout_rate": 0.03726697776503141
  },
  "training_configuration": {
    "learning_rate": 0.140484518608942,
    "batch_size": 101,
    "epochs": 350,
    "optimizer": "Adam",
    "loss_function": "MSE",
    "early_stopping_patience": 50,
    "min_delta": 0.00391504341523446,
    "data_split_ratios": {
      "train": 0.7,
      "validation": 0.2,
      "test": 0.1
    },
    "device_used": "cpu",
    "random_seed": null
  },
  "summary_statistics": {
    "overall_performance_score": 0.547222109966359,
    "training_efficiency": {
      "time_per_epoch": 342.74114275264793,
      "epochs_to_convergence": 38,
      "early_stopping_benefit": false
    },
    "model_quality": {
      "final_loss": 2.688951296904266,
      "best_loss": 2.6724119403162323,
      "loss_improvement": 0.11785756860874858,
      "stability_score": 0.9943353763376419
    },
    "anomaly_detection_readiness": {
      "threshold": 0.12308629905141762,
      "estimated_accuracy": 0.18341065849925509,
      "reconstruction_quality": 0.9384568504742912
    },
    "architecture_efficiency": {
      "parameters_per_dimension": 9811.834375,
      "compression_ratio": 4.324324324324325,
      "model_complexity": 5
    }
  },
  "performance_analysis": {
    "overall_score": 0.547222109966359,
    "strengths": [
      "No overfitting detected",
      "Stable training"
    ],
    "weaknesses": [
      "No clear convergence",
      "Low validation accuracy"
    ],
    "performance_category": "Fair",
    "key_insights": [
      "Model achieved 18.3% estimated accuracy",
      "Training completed in 13024.2 seconds",
      "Best performance at epoch 33 of 38",
      "Anomaly detection threshold set at 0.123086"
    ]
  },
  "recommendations": [
    "Consider increasing model capacity or training time",
    "Increase training epochs or adjust learning rate",
    "Consider using GPU acceleration or reducing batch size"
  ],
  "visualizations": {
    "loss_curves": "outputs/training_reports/job_None_20251216_230106/loss_curves.png",
    "metrics_dashboard": "outputs/training_reports/job_None_20251216_230106/metrics_dashboard.png",
    "error_distribution": "outputs/training_reports/job_None_20251216_230106/error_distribution.png",
    "training_progress": "outputs/training_reports/job_None_20251216_230106/training_progress.png",
    "architecture_diagram": "outputs/training_reports/job_None_20251216_230106/architecture_diagram.png",
    "performance_summary": "outputs/training_reports/job_None_20251216_230106/performance_summary.png"
  },
  "raw_training_data": {
    "success": true,
    "epochs_trained": 38,
    "best_val_loss": 2.6724119403162323,
    "final_train_loss": 2.813997440408623,
    "final_val_loss": 2.688951296904266,
    "training_time": 13024.163424600622,
    "model_architecture": {
      "model_type": "autoencoder",
      "input_dim": 640,
      "hidden_dims": [
        1195,
        1413,
        110,
        350,
        989
      ],
      "latent_dim": 148,
      "total_parameters": 6279574,
      "trainable_parameters": 6279574,
      "model_size_mb": 23.954673767089844,
      "activation_functions": [
        "ReLU"
      ],
      "dropout_rate": 0.03726697776503141
    },
    "training_config": {
      "learning_rate": 0.140484518608942,
      "batch_size": 101,
      "epochs": 350,
      "optimizer": "Adam",
      "loss_function": "MSE",
      "early_stopping_patience": 50,
      "min_delta": 0.00391504341523446,
      "train_split": 0.7,
      "validation_split": 0.2,
      "test_split": 0.1,
      "random_seed": null
    },
    "metrics": {
      "validation_mean_error": 0.06154314952570881,
      "validation_std_error": 0.018462944857712642,
      "validation_min_error": 0.006154314952570881,
      "validation_max_error": 0.30771574762854403,
      "validation_percentile_95": 0.12308629905141762,
      "validation_percentile_99": 0.18462944857712643
    },
    "training_history": [
      {
        "epoch": 1,
        "train_loss": 4.05615018957779,
        "val_loss": 3.5164401674489207
      },
      {
        "epoch": 2,
        "train_loss": 3.9126332645381368,
        "val_loss": 3.4461113640999423
      },
      {
        "epoch": 3,
        "train_loss": 3.7802521889927667,
        "val_loss": 3.3703419420923217
      },
      {
        "epoch": 4,
        "train_loss": 3.759146596115834,
        "val_loss": 3.2018248449877054
      },
      {
        "epoch": 5,
        "train_loss": 3.8072548690010746,
        "val_loss": 3.183556203893495
      },
      {
        "epoch": 6,
        "train_loss": 3.8833999663810954,
        "val_loss": 3.239782170592945
      },
      {
        "epoch": 7,
        "train_loss": 3.6922345081429255,
        "val_loss": 3.185122214680962
      },
      {
        "epoch": 8,
        "train_loss": 3.6045134970242882,
        "val_loss": 3.0720307298148506
      },
      {
        "epoch": 9,
        "train_loss": 3.424287822173074,
        "val_loss": 3.174240568744652
      },
      {
        "epoch": 10,
        "train_loss": 3.4203868859723605,
        "val_loss": 3.1424981630572053
      },
      {
        "epoch": 11,
        "train_loss": 3.3797452522430222,
        "val_loss": 3.142466738075575
      },
      {
        "epoch": 12,
        "train_loss": 3.3172964665606477,
        "val_loss": 3.1116348494550445
      },
      {
        "epoch": 13,
        "train_loss": 3.3571354311547386,
        "val_loss": 3.2345808392863877
      },
      {
        "epoch": 14,
        "train_loss": 3.3611455858347785,
        "val_loss": 3.0728517973220684
      },
      {
        "epoch": 15,
        "train_loss": 3.406797260618316,
        "val_loss": 3.0189842017361257
      },
      {
        "epoch": 16,
        "train_loss": 3.307018796022097,
        "val_loss": 3.0505431251769703
      },
      {
        "epoch": 17,
        "train_loss": 3.159402324269034,
        "val_loss": 3.0474925820517935
      },
      {
        "epoch": 18,
        "train_loss": 3.0961243817227606,
        "val_loss": 3.06900082513845
      },
      {
        "epoch": 19,
        "train_loss": 3.0960934204789434,
        "val_loss": 3.2054116798372347
      },
      {
        "epoch": 20,
        "train_loss": 3.1493337600750344,
        "val_loss": 3.071598025469589
      },
      {
        "epoch": 21,
        "train_loss": 3.1493337600750344,