{
  "report_metadata": {
    "training_job_id": null,
    "generation_timestamp": "2025-12-16T23:00:18.782643",
    "report_version": "1.0",
    "generator": "TrainingReportGenerator"
  },
  "training_metrics": {
    "final_train_loss": 0.25236599551972916,
    "final_val_loss": 4.330459969341611,
    "best_val_loss": 4.096472422232446,
    "best_epoch": 81,
    "total_epochs": 84,
    "training_time_seconds": 84599.94222312853,
    "train_loss_mean": 0.7205869765803118,
    "train_loss_std": 0.3418028235551644,
    "val_loss_mean": 4.977235612841707,
    "val_loss_std": 0.5955373443743734,
    "convergence_epoch": null,
    "early_stopping_triggered": false,
    "overfitting_detected": "False",
    "generalization_gap": 4.078093973821882,
    "reconstruction_error_stats": {
      "mean": 0.3312143741860343,
      "std": 0.09936431225581029,
      "min": 0.033121437418603426,
      "max": 1.6560718709301714,
      "percentile_95": 0.6624287483720686,
      "percentile_99": 0.9936431225581028
    },
    "anomaly_detection_threshold": 0.6624287483720686,
    "validation_accuracy_estimate": 0.0,
    "loss_variance": 0.009720353093411906,
    "gradient_norm_stats": null,
    "learning_rate_schedule": []
  },
  "model_architecture": {
    "model_type": "autoencoder",
    "input_dimension": 255,
    "hidden_dimensions": [
      1877
    ],
    "latent_dimension": 209,
    "total_parameters": 1741856,
    "trainable_parameters": 1741856,
    "model_size_mb": 6.6446533203125,
    "activation_functions": [
      "ReLU"
    ],
    "dropout_rate": 0.4007315522706869
  },
  "training_configuration": {
    "learning_rate": 0.10850003286068752,
    "batch_size": 422,
    "epochs": 246,
    "optimizer": "Adam",
    "loss_function": "MSE",
    "early_stopping_patience": 5,
    "min_delta": 0.008754305306297852,
    "data_split_ratios": {
      "train": 0.7,
      "validation": 0.2,
      "test": 0.1
    },
    "device_used": "cpu",
    "random_seed": null
  },
  "summary_statistics": {
    "overall_performance_score": 0.29805592938131764,
    "training_efficiency": {
      "time_per_epoch": 1007.1421693229587,
      "epochs_to_convergence": 84,
      "early_stopping_benefit": false
    },
    "model_quality": {
      "final_loss": 4.330459969341611,
      "best_loss": 4.096472422232446,
      "loss_improvement": 0.17695830760690012,
      "stability_score": 0.9902796469065881
    },
    "anomaly_detection_readiness": {
      "threshold": 0.6624287483720686,
      "estimated_accuracy": 0.0,
      "reconstruction_quality": 0.6687856258139657
    },
    "architecture_efficiency": {
      "parameters_per_dimension": 6830.807843137255,
      "compression_ratio": 1.2200956937799043,
      "model_complexity": 1
    }
  },
  "performance_analysis": {
    "overall_score": 0.29805592938131764,
    "strengths": [
      "No overfitting detected",
      "Stable training"
    ],
    "weaknesses": [
      "Large generalization gap",
      "No clear convergence",
      "Low validation accuracy"
    ],
    "performance_category": "Poor",
    "key_insights": [
      "Model achieved 0.0% estimated accuracy",
      "Training completed in 84599.9 seconds",
      "Best performance at epoch 81 of 84",
      "Anomaly detection threshold set at 0.662429"
    ]
  },
  "recommendations": [
    "Consider increasing model capacity or training time",
    "Increase training epochs or adjust learning rate",
    "Improve data quality or add data augmentation",
    "Consider using GPU acceleration or reducing batch size",
    "Review data preprocessing and normalization"
  ],
  "visualizations": {
    "loss_curves": "outputs/training_reports/job_None_20251216_230013/loss_curves.png",
    "metrics_dashboard": "outputs/training_reports/job_None_20251216_230013/metrics_dashboard.png",
    "error_distribution": "outputs/training_reports/job_None_20251216_230013/error_distribution.png",
    "training_progress": "outputs/training_reports/job_None_20251216_230013/training_progress.png",
    "architecture_diagram": "outputs/training_reports/job_None_20251216_230013/architecture_diagram.png",
    "performance_summary": "outputs/training_reports/job_None_20251216_230013/performance_summary.png"
  },
  "raw_training_data": {
    "success": true,
    "epochs_trained": 84,
    "best_val_loss": 4.096472422232446,
    "final_train_loss": 0.25236599551972916,
    "final_val_loss": 4.330459969341611,
    "training_time": 84599.94222312853,
    "model_architecture": {
      "model_type": "autoencoder",
      "input_dim": 255,
      "hidden_dims": [
        1877
      ],
      "latent_dim": 209,
      "total_parameters": 1741856,
      "trainable_parameters": 1741856,
      "model_size_mb": 6.6446533203125,
      "activation_functions": [
        "ReLU"
      ],
      "dropout_rate": 0.4007315522706869
    },
    "training_config": {
      "learning_rate": 0.10850003286068752,
      "batch_size": 422,
      "epochs": 246,
      "optimizer": "Adam",
      "loss_function": "MSE",
      "early_stopping_patience": 5,
      "min_delta": 0.008754305306297852,
      "train_split": 0.7,
      "validation_split": 0.2,
      "test_split": 0.1,
      "random_seed": null
    },
    "metrics": {
      "validation_mean_error": 0.3312143741860343,
      "validation_std_error": 0.09936431225581029,
      "validation_min_error": 0.033121437418603426,
      "validation_max_error": 1.6560718709301714,
      "validation_percentile_95": 0.6624287483720686,
      "validation_percentile_99": 0.9936431225581028
    },
    "training_history": [
      {
        "epoch": 1,
        "train_loss": 1.4170651778512315,
        "val_loss": 4.872130296985269
      },
      {
        "epoch": 2,
        "train_loss": 1.3821972891726422,
        "val_loss": 4.872081575682299
      },
      {
        "epoch": 3,
        "train_loss": 1.3682297346318424,
        "val_loss": 5.005820475651935
      },
      {
        "epoch": 4,
        "train_loss": 1.3542703687829623,
        "val_loss": 4.905704066138896
      },
      {
        "epoch": 5,
        "train_loss": 1.3116205616076833,
        "val_loss": 5.104036830341691
      },
      {
        "epoch": 6,
        "train_loss": 1.2993231656732553,
        "val_loss": 4.967209488701881
      },
      {
        "epoch": 7,
        "train_loss": 1.264753315246489,
        "val_loss": 4.7188490142667865
      },
      {
        "epoch": 8,
        "train_loss": 1.268498805837283,
        "val_loss": 4.703806382966871
      },
      {
        "epoch": 9,
        "train_loss": 1.2077688572574174,
        "val_loss": 4.657877495852466
      },
      {
        "epoch": 10,
        "train_loss": 1.155309244928573,
        "val_loss": 4.8136843009425565
      },
      {
        "epoch": 11,
        "train_loss": 1.1280758589168576,
        "val_loss": 4.841820783954837
      },
      {
        "epoch": 12,
        "train_loss": 1.1318617274669849,
        "val_loss": 4.679361480490107
      },
      {
        "epoch": 13,
        "train_loss": 1.0962312314057792,
        "val_loss": 4.520494214066157
      },
      {
        "epoch": 14,
        "train_loss": 1.0826228291507973,
        "val_loss": 4.38638427893933
      },
      {
        "epoch": 15,
        "train_loss": 1.0839183036308553,
        "val_loss": 4.382032712053085
      },
      {
        "epoch": 16,
        "train_loss": 1.0825395662428998,
        "val_loss": 4.16293107645043
      },
      {
        "epoch": 17,
        "train_loss": 1.0513731699633413,
        "val_loss": 4.275298185920966
      },
      {
        "epoch": 18,
        "train_loss": 1.0693818979941985,
        "val_loss": 4.232545204061756
      },
      {
        "epoch": 19,
        "train_loss": 1.0738517432534997,
        "val_loss": 4.344894396355966
      },
      {
        "epoch": 20,
        "train_loss": 1.0727778915102462,
        "val_loss": 4.257996508428846
      },
      {
        "epoch": 21,
        "train_loss": 1.0505887665252471,